{
    "Motorland_Aragon": {
        "geschwindigkeit": 0,
        "orientierung": [
            0.769836793730428,
            0.6382407939162572
        ],
        "richtung": 39.66076466516661,
        "vorn": [
            11964.926866234024,
            5692.494006922017
        ],
        "hinten": [
            11884.582270482788,
            5634.651583618956
        ],
        "blickrichtung": 35.751216871573455,
        "kamera": [
            10942.402176817463,
            4636.3552877102775
        ]
    },
    "sachsenring_v2": {
        "geschwindigkeit": 0,
        "orientierung": [
            0.9993023393575184,
            0.037347483912454196
        ],
        "richtung": 2.1403509729823895,
        "vorn": [
            3682.622869106897,
            604.6829115112886
        ],
        "hinten": [
            3583.69128213456,
            601.0030882635018
        ],
        "blickrichtung": 2.1301709175545045,
        "kamera": [
            3020.9661640868744,
            157.62640222100418
        ]
    },
    "sachsenring": {
        "geschwindigkeit": 7.384770437607649,
        "orientierung": [
            0.6789559303720426,
            -0.7341790276306142
        ],
        "richtung": 312.7621095362414,
        "vorn": [
            2508.581710769241,
            2433.8861197472297
        ],
        "hinten": [
            2441.485587793143,
            2506.681107772343
        ],
        "blickrichtung": 312.66718225238355,
        "kamera": [
            1853.9893836873825,
            2031.4134788351107
        ]
    },
    "viereck": {
        "geschwindigkeit": 0,
        "orientierung": [
            0.9999063051534693,
            -0.013688714853380109
        ],
        "richtung": 359.21566991589464,
        "vorn": [
            676.8686334372885,
            552.7889407027029
        ],
        "hinten": [
            577.8686410890119,
            552.7500171728323
        ],
        "blickrichtung": 0.022526808513094958,
        "kamera": [
            111.6652458956691,
            177.15926774257252
        ]
    },
    "Strand": {
        "geschwindigkeit": 0,
        "orientierung": [
            0.9849540760054394,
            -0.1728162844186598
        ],
        "richtung": 350.0483956675323,
        "vorn": [
            988.9446087679519,
            475.4849229629896
        ],
        "hinten": [
            891.4341552434133,
            492.59373512043686
        ],
        "blickrichtung": 350.0483956675323,
        "kamera": [
            421.8968213015361,
            99.22520315474038
        ]
    }
}