{
    "Motorland_Aragon": {
        "geschwindigkeit": 0,
        "orientierung": [
            0.769836793730428,
            0.6382407939162572
        ],
        "richtung": 39.66076466516661,
        "vorn": [
            11964.926866234024,
            5692.494006922017
        ],
        "hinten": [
            11884.582270482788,
            5634.651583618956
        ],
        "blickrichtung": 35.751216871573455,
        "kamera": [
            10942.402176817463,
            4636.3552877102775
        ]
    },
    "sachsenring_v2": {
        "geschwindigkeit": 0,
        "orientierung": [
            0.9993023393575184,
            0.037347483912454196
        ],
        "richtung": 2.1403509729823895,
        "vorn": [
            3682.622869106897,
            604.6829115112886
        ],
        "hinten": [
            3583.69128213456,
            601.0030882635018
        ],
        "blickrichtung": 2.1301709175545045,
        "kamera": [
            3020.9661640868744,
            157.62640222100418
        ]
    },
    "sachsenring": {
        "geschwindigkeit": 0,
        "orientierung": [
            0.6123843796116777,
            -0.7905601631802736
        ],
        "richtung": 307.7621095362414,
        "vorn": [
            2252.8338694963973,
            2707.4072028415712
        ],
        "hinten": [
            2192.0799354377864,
            2785.573432739155
        ],
        "blickrichtung": 307.85578633753516,
        "kamera": [
            1347.290249735628,
            2088.0184295330737
        ]
    },
    "viereck": {
        "geschwindigkeit": 0,
        "orientierung": [
            0.9999063051534693,
            -0.013688714853380109
        ],
        "richtung": 359.21566991589464,
        "vorn": [
            676.8686334372885,
            552.7889407027029
        ],
        "hinten": [
            577.8686410890119,
            552.7500171728323
        ],
        "blickrichtung": 0.022526808513094958,
        "kamera": [
            111.6652458956691,
            177.15926774257252
        ]
    }
}