{
    "maps/sachsenring": {
        "geschwindigkeit": 0,
        "orientierung": [
            0.6617746506470723,
            -0.7497028156282631
        ],
        "richtung": 311.4353585805168,
        "vorn": [
            2192.565155978524,
            2850.352467810152
        ],
        "hinten": [
            2127.7463169326834,
            2925.182395678281
        ],
        "blickrichtung": 310.89961600104033,
        "kamera": [
            1147.0595407966025,
            1678.8687967143364
        ]
    },
    "maps/Motorland_Aragon": {
        "geschwindigkeit": 0,
        "orientierung": [
            0.769836793730428,
            0.6382407939162572
        ],
        "richtung": 39.66076466516661,
        "vorn": [
            11964.926866234024,
            5692.494006922017
        ],
        "hinten": [
            11884.582270482788,
            5634.651583618956
        ],
        "blickrichtung": 35.751216871573455,
        "kamera": [
            10942.402176817463,
            4636.3552877102775
        ]
    },
    "maps/sachsenring_v2": {
        "geschwindigkeit": 0,
        "orientierung": [
            0.9999546079583607,
            -0.00952796005665455
        ],
        "richtung": 359.45407984121596,
        "vorn": [
            7474.558514422056,
            1104.8397226277257
        ],
        "hinten": [
            7375.569153417188,
            1103.38837571948
        ],
        "blickrichtung": 0.8399902157284106,
        "kamera": [
            6480.064540211066,
            1.4943330003245927
        ]
    }
}
